{"lr": 9.90981963927856e-06, "data_time": 0.005067291259765625, "loss": 1.6054768228987044e+16, "loss_rpn_cls": 1.4507954710721969, "loss_rpn_bbox": 0.07602639641612768, "s0.loss_cls": 0.1193984542042017, "s0.acc": 99.8046875, "s0.loss_bbox": 0.024012223975732924, "s1.loss_cls": 0.04505441337823868, "s1.acc": 99.8046875, "s1.loss_bbox": 0.007857133162324316, "s2.loss_cls": 0.013116354597732425, "s2.acc": 99.8046875, "s2.loss_bbox": 0.0014497242117795395, "distilled_loss": 1.6054768228987044e+16, "time": 0.8699357414245605, "iter": 50, "memory": 4730, "step": 50}
{"lr": 1.991983967935873e-05, "data_time": 0.005116758346557618, "loss": 2.3229227747896196e+16, "loss_rpn_cls": 0.6461726355552674, "loss_rpn_bbox": 0.05590988829731941, "s0.loss_cls": 0.04697967754676938, "s0.acc": 99.4140625, "s0.loss_bbox": 0.014927372665842995, "s1.loss_cls": 0.021458812607452273, "s1.acc": 99.4140625, "s1.loss_bbox": 0.0032370968213945163, "s2.loss_cls": 0.011294326642528177, "s2.acc": 99.4140625, "s2.loss_bbox": 0.0015439316133415558, "distilled_loss": 2.3229227747896196e+16, "time": 0.7801191759109497, "iter": 100, "memory": 4722, "step": 100}
{"lr": 2.9929859719438897e-05, "data_time": 0.005101766586303711, "loss": 1.3978006567769866e+16, "loss_rpn_cls": 6.32374430000782, "loss_rpn_bbox": 0.6867465331964194, "s0.loss_cls": 0.43042776983231307, "s0.acc": 99.4140625, "s0.loss_bbox": 0.12973225994501264, "s1.loss_cls": 0.18545952752232553, "s1.acc": 99.4140625, "s1.loss_bbox": 0.1369998228130862, "s2.loss_cls": 0.12093809845857323, "s2.acc": 99.4140625, "s2.loss_bbox": 0.050612015333026644, "distilled_loss": 1.3978006567769866e+16, "time": 0.7880327558517456, "iter": 150, "memory": 4729, "step": 150}
{"lr": 3.993987975951909e-05, "data_time": 0.005237827301025391, "loss": 1.917821867553456e+16, "loss_rpn_cls": 52.36772070407867, "loss_rpn_bbox": 6.657772307097912, "s0.loss_cls": 3.4227809438854457, "s0.acc": 99.47506713867188, "s0.loss_bbox": 0.9764732641354203, "s1.loss_cls": 2.002082272171974, "s1.acc": 99.47506713867188, "s1.loss_bbox": 0.8422019618377089, "s2.loss_cls": 0.8258482394367457, "s2.acc": 99.47506713867188, "s2.loss_bbox": 0.31937843955121936, "distilled_loss": 1.917821867553456e+16, "time": 0.8069084119796753, "iter": 200, "memory": 4729, "step": 200}
{"lr": 4.9949899799599277e-05, "data_time": 0.005058665275573731, "loss": 6714663953256940.0, "loss_rpn_cls": 89.52653283834458, "loss_rpn_bbox": 8.230665846467017, "s0.loss_cls": 3.0861350556835534, "s0.acc": 99.8046875, "s0.loss_bbox": 0.9277637750655413, "s1.loss_cls": 1.0235786760598422, "s1.acc": 99.8046875, "s1.loss_bbox": 0.7723854817077518, "s2.loss_cls": 0.6236226512864232, "s2.acc": 99.8046875, "s2.loss_bbox": 0.2889505936019123, "distilled_loss": 6714663953256940.0, "time": 0.7893419075012207, "iter": 250, "memory": 4720, "step": 250}
{"lr": 5.995991983967944e-05, "data_time": 0.005099978446960449, "loss": 6335518577503764.0, "loss_rpn_cls": 72.54490172624588, "loss_rpn_bbox": 11.158283589966596, "s0.loss_cls": 20.56525382876396, "s0.acc": 98.83040618896484, "s0.loss_bbox": 2.660176437497139, "s1.loss_cls": 5.396964127719403, "s1.acc": 98.83040618896484, "s1.loss_bbox": 2.857752143591642, "s2.loss_cls": 2.403111710399389, "s2.acc": 98.83040618896484, "s2.loss_bbox": 1.0825133849307895, "distilled_loss": 6335518577503764.0, "time": 0.8056855010986328, "iter": 300, "memory": 4722, "step": 300}
{"lr": 6.996993987975965e-05, "data_time": 0.0051786708831787105, "loss": 7134936875852110.0, "loss_rpn_cls": 644.0232459640503, "loss_rpn_bbox": 76.80684084892273, "s0.loss_cls": 419.46766932964323, "s0.acc": 50.0, "s0.loss_bbox": 426.43356861412525, "s1.loss_cls": 87.24394410746172, "s1.acc": 100.0, "s1.loss_bbox": 137.65942809224128, "s2.loss_cls": 31.879309554258363, "s2.acc": 100.0, "s2.loss_bbox": 38.36969749212265, "distilled_loss": 7134936875852104.0, "time": 0.7975197649002075, "iter": 350, "memory": 4681, "step": 350}
{"lr": 7.997995991983987e-05, "data_time": 0.00522054672241211, "loss": 1313629300032798.8, "loss_rpn_cls": 3648.751254196167, "loss_rpn_bbox": 362.27830308914184, "s0.loss_cls": 3657.9318701469897, "s0.acc": 100.0, "s0.loss_bbox": 6430.542592687607, "s1.loss_cls": 67.41068410741165, "s1.acc": 100.0, "s1.loss_bbox": 3330.0222246575354, "s2.loss_cls": 2.065794477313757, "s2.acc": 100.0, "s2.loss_bbox": 1382.7573564079403, "distilled_loss": 1313629300032798.8, "time": 0.7693690252304077, "iter": 400, "memory": 4662, "step": 400}
{"lr": 8.998997995992009e-05, "data_time": 0.00515589714050293, "loss": 830213393796300.8, "loss_rpn_cls": 12461.306339874267, "loss_rpn_bbox": 1596.2859590816497, "s0.loss_cls": 44550.52381530762, "s0.acc": 100.0, "s0.loss_bbox": 119420.25414958954, "s1.loss_cls": 196.36673105086666, "s1.acc": 100.0, "s1.loss_bbox": 49592.08470859528, "s2.loss_cls": 2175.5267801312193, "s2.acc": 100.0, "s2.loss_bbox": 60680.0888697958, "distilled_loss": 830213393796300.8, "time": 0.7590931749343872, "iter": 450, "memory": 4653, "step": 450}
{"lr": 0.00010000000000000032, "data_time": 0.005199847221374512, "loss": 1777734570926407.8, "loss_rpn_cls": 18010.622485961914, "loss_rpn_bbox": 1269.045767288208, "s0.loss_cls": 13153.522669677734, "s0.acc": 16.66666603088379, "s0.loss_bbox": 50047.1126550293, "s1.loss_cls": 1043.906552314665, "s1.acc": 83.33332824707031, "s1.loss_bbox": 12964.64466468811, "s2.loss_cls": 5532.327497604475, "s2.acc": 100.0, "s2.loss_bbox": 25375.365474853515, "distilled_loss": 1777734570926407.8, "time": 0.7585199069976807, "iter": 500, "memory": 4647, "step": 500}
{"lr": 0.00010000000000000032, "data_time": 0.0050804376602172855, "loss": 263051980497223.7, "loss_rpn_cls": 1954.9204420852661, "loss_rpn_bbox": 317.4997476005554, "s0.loss_cls": 1301.4728243875504, "s0.acc": 98.03921508789062, "s0.loss_bbox": 3400.115872411728, "s1.loss_cls": 479.88159107047596, "s1.acc": 2.941176414489746, "s1.loss_bbox": 3133.160301396847, "s2.loss_cls": 143.25189537832978, "s2.acc": 2.941176414489746, "s2.loss_bbox": 2539.833476040363, "distilled_loss": 263051980497223.7, "time": 0.7745744848251342, "iter": 550, "memory": 4658, "step": 550}
{"lr": 0.00010000000000000032, "data_time": 0.0051362037658691405, "loss": 135481541724733.44, "loss_rpn_cls": 410.9363083648682, "loss_rpn_bbox": 56.10103935241699, "s0.loss_cls": 168.42950759887697, "s0.acc": 60.0, "s0.loss_bbox": 674.7978621798753, "s1.loss_cls": 618.200445298478, "s1.acc": 100.0, "s1.loss_bbox": 257.0668834221363, "s2.loss_cls": 44.94733137215488, "s2.acc": 100.0, "s2.loss_bbox": 194.19770536243917, "distilled_loss": 135481541724733.44, "time": 0.7751416540145875, "iter": 600, "memory": 4675, "step": 600}
{"lr": 0.00010000000000000032, "data_time": 0.005009956359863281, "loss": 164502375191019.53, "loss_rpn_cls": 376.6204101276398, "loss_rpn_bbox": 34.70767912626266, "s0.loss_cls": 110.74798698008061, "s0.acc": 94.44444274902344, "s0.loss_bbox": 137.92281006753444, "s1.loss_cls": 111.90820522507653, "s1.acc": 94.44444274902344, "s1.loss_bbox": 85.87657606244088, "s2.loss_cls": 4.8130024422612045, "s2.acc": 94.44444274902344, "s2.loss_bbox": 94.53528251320124, "distilled_loss": 164502375191019.53, "time": 0.7589738273620605, "iter": 650, "memory": 4686, "step": 650}
{"lr": 0.00010000000000000032, "data_time": 0.004905848503112793, "loss": 134802985121218.56, "loss_rpn_cls": 364.98893879652024, "loss_rpn_bbox": 43.148703890442846, "s0.loss_cls": 39.1071695381403, "s0.acc": 99.21875, "s0.loss_bbox": 31.787154978960753, "s1.loss_cls": 7.146069962978363, "s1.acc": 99.0234375, "s1.loss_bbox": 13.27391490533948, "s2.loss_cls": 109.25762761443853, "s2.acc": 99.21875, "s2.loss_bbox": 100.89852367155254, "distilled_loss": 134802985121218.56, "time": 0.7683811569213868, "iter": 700, "memory": 4680, "step": 700}
{"lr": 0.00010000000000000032, "data_time": 0.004746904373168945, "loss": 111493949685904.77, "loss_rpn_cls": 3566.253155094385, "loss_rpn_bbox": 220.7831749331951, "s0.loss_cls": 639.9740463209152,