{"lr": 9.909819639278549e-05, "data_time": 0.165049729347229, "loss": 0.35154223658144473, "loss_rpn_cls": 0.038819529209285976, "loss_rpn_bbox": 0.10565160987898707, "loss_cls": 0.20259034130722284, "acc": 99.4140625, "loss_bbox": 0.0044807572895660995, "time": 1.3043264961242675, "epoch": 1, "iter": 50, "memory": 3547, "step": 50}
{"lr": 0.00019919839679358693, "data_time": 0.009972691535949707, "loss": 0.10146974101662636, "loss_rpn_cls": 0.022573088649660348, "loss_rpn_bbox": 0.045079148868098856, "loss_cls": 0.027788351732306184, "acc": 99.169921875, "loss_bbox": 0.006029152194387279, "time": 0.8609108114242554, "epoch": 1, "iter": 100, "memory": 3547, "step": 100}
