{"lr": 9.90981963927856e-06, "data_time": 0.00481935977935791, "loss": 11.811048817634582, "loss_rpn_cls": 0.752114470154047, "loss_rpn_bbox": 0.06751750137773342, "s0.loss_cls": 0.09558298688381911, "s0.acc": 96.484375, "s0.loss_bbox": 0.031145615946734324, "s1.loss_cls": 1.160585253322497, "s1.acc": 97.8515625, "s1.loss_bbox": 0.007838902870425955, "s2.loss_cls": 0.49776287442073225, "s2.acc": 98.6328125, "s2.loss_bbox": 0.0025724740634905175, "distilled_loss": 9.195928869247437, "time": 1.000043239593506, "iter": 50, "memory": 5004, "step": 50}
{"lr": 1.991983967935873e-05, "data_time": 0.00754514217376709, "loss": 5.1808797645568845, "loss_rpn_cls": 0.20791196832433342, "loss_rpn_bbox": 0.033796864447649566, "s0.loss_cls": 0.10119151690974831, "s0.acc": 98.6328125, "s0.loss_bbox": 0.04276193677913397, "s1.loss_cls": 0.04104580077342689, "s1.acc": 99.4140625, "s1.loss_bbox": 0.012007821157894796, "s2.loss_cls": 0.021341040348634124, "s2.acc": 99.4140625, "s2.loss_bbox": 0.0025405915814189937, "distilled_loss": 4.718282256126404, "time": 0.9134565353393554, "iter": 100, "memory": 4996, "step": 100}
