{"lr": 9.90981963927856e-06, "data_time": 0.004347834587097168, "loss": 9.780485172271728, "loss_rpn_cls": 0.8059111064672471, "loss_rpn_bbox": 0.0855999737046659, "s0.loss_cls": 0.2207331776805222, "s0.acc": 99.0234375, "s0.loss_bbox": 0.043324254599865525, "s1.loss_cls": 0.04184829354286194, "s1.acc": 99.0234375, "s1.loss_bbox": 0.007838242421712494, "s2.loss_cls": 0.0587290397239849, "s2.acc": 99.4140625, "s2.loss_bbox": 0.0030269258668340626, "distilled_loss": 8.513474187850953, "time": 0.9444850444793701, "iter": 50, "memory": 4990, "step": 50}
{"lr": 1.991983967935873e-05, "data_time": 0.005840225219726563, "loss": 4.851880521774292, "loss_rpn_cls": 0.317763192281127, "loss_rpn_bbox": 0.038527183218393476, "s0.loss_cls": 0.06992693074047565, "s0.acc": 99.4140625, "s0.loss_bbox": 0.030787487159250303, "s1.loss_cls": 0.02662847246043384, "s1.acc": 99.609375, "s1.loss_bbox": 0.012236969110090286, "s2.loss_cls": 0.012955677937716245, "s2.acc": 99.609375, "s2.loss_bbox": 0.001333867870521317, "distilled_loss": 4.3417207205295565, "time": 0.908423228263855, "iter": 100, "memory": 4988, "step": 100}
{"lr": 2.9929859719438897e-05, "data_time": 0.006422748565673828, "loss": 3.2084173715114592, "loss_rpn_cls": 0.513362182341516, "loss_rpn_bbox": 0.027587362718768417, "s0.loss_cls": 0.08076228221878409, "s0.acc": 98.2421875, "s0.loss_bbox": 0.03781240869662725, "s1.loss_cls": 0.029144165618345142, "s1.acc": 99.21875, "s1.loss_bbox": 0.011849234100081959, "s2.loss_cls": 0.011333995340391994, "s2.acc": 99.609375, "s2.loss_bbox": 0.002415029365947703, "distilled_loss": 2.494150710105896, "time": 0.8935677003860474, "iter": 150, "memory": 4981, "step": 150}
{"lr": 3.993987975951909e-05, "data_time": 0.006939535140991211, "loss": 1.5721241116523743, "loss_rpn_cls": 0.28820640668272973, "loss_rpn_bbox": 0.03126121451379731, "s0.loss_cls": 0.13900702454149724, "s0.acc": 99.609375, "s0.loss_bbox": 0.06528043435886502, "s1.loss_cls": 0.037115848371759054, "s1.acc": 99.609375, "s1.loss_bbox": 0.017455227337341058, "s2.loss_cls": 0.013598522190004587, "s2.acc": 99.609375, "s2.loss_bbox": 0.005550362483918434, "distilled_loss": 0.9746490731835366, "time": 0.9077664375305176, "iter": 200, "memory": 4988, "step": 200}
{"lr": 4.9949899799599277e-05, "data_time": 0.004856305122375488, "loss": 1.1749325984716414, "loss_rpn_cls": 0.18397185035049915, "loss_rpn_bbox": 0.028486079098656775, "s0.loss_cls": 0.15526972515508533, "s0.acc": 93.5546875, "s0.loss_bbox": 0.06391834806418047, "s1.loss_cls": 0.04995294913649559, "s1.acc": 96.484375, "s1.loss_bbox": 0.024473801270360127, "s2.loss_cls": 0.01800730448681861, "s2.acc": 98.2421875, "s2.loss_bbox": 0.006864358736784197, "distilled_loss": 0.6439881765842438, "time": 0.9179708051681519, "iter": 250, "memory": 4989, "step": 250}
{"lr": 5.995991983967944e-05, "data_time": 0.004269313812255859, "loss": 0.8219813942909241, "loss_rpn_cls": 0.12140859462320805, "loss_rpn_bbox": 0.023389676508959383, "s0.loss_cls": 0.16394695222377778, "s0.acc": 98.828125, "s0.loss_bbox": 0.06465268096188083, "s1.loss_cls": 0.0434012520313263, "s1.acc": 99.4140625, "s1.loss_bbox": 0.016257193427882156, "s2.loss_cls": 0.015111813070252538, "s2.acc": 99.8046875, "s2.loss_bbox": 0.00385825102814124, "distilled_loss": 0.3699549855291843, "time": 0.8725796222686768, "iter": 300, "memory": 4981, "step": 300}
{"lr": 6.996993987975965e-05, "data_time": 0.004864368438720703, "loss": 0.722124062180519, "loss_rpn_cls": 0.12195738993585109, "loss_rpn_bbox": 0.021058669448830187, "s0.loss_cls": 0.1813144527003169, "s0.acc": 95.8984375, "s0.loss_bbox": 0.08762702982872725, "s1.loss_cls": 0.049402025025337935, "s1.acc": 97.4609375, "s1.loss_bbox": 0.03139834768488072, "s2.loss_cls": 0.014005519887432457, "s2.acc": 98.828125, "s2.loss_bbox": 0.004832958716433495, "distilled_loss": 0.21052767515182494, "time": 0.8873357772827148, "iter": 350, "memory": 4989, "step": 350}
{"lr": 7.997995991983987e-05, "data_time": 0.006279463768005371, "loss": 0.6361662387847901, "loss_rpn_cls": 0.12127627173438668, "loss_rpn_bbox": 0.02165765853598714, "s0.loss_cls": 0.14027441959828138, "s0.acc": 97.8515625, "s0.loss_bbox": 0.06864530200778972, "s1.loss_cls": 0.03740048901177943, "s1.acc": 99.0234375, "s1.loss_bbox": 0.02112686921202112, "s2.loss_cls": 0.012306097634136677, "s2.acc": 99.8046875, "s2.loss_bbox": 0.004009704228810734, "distilled_loss": 0.20946942776441574, "time": 0.9206391382217407, "iter": 400, "memory": 4989, "step": 400}
{"lr": 8.998997995992009e-05, "data_time": 0.004475111961364746, "loss": 0.6403926765918732, "loss_rpn_cls": 0.12089876426383853, "loss_rpn_bbox": 0.023847052811179312, "s0.loss_cls": 0.14610574573278426, "s0.acc": 99.609375, "s0.loss_bbox": 0.07887567571830005, "s1.loss_cls": 0.042343426318839195, "s1.acc": 99.609375, "s1.loss_bbox": 0.02170954218090628, "s2.loss_cls": 0.0125274224486202, "s2.acc": 99.609375, "s2.loss_bbox": 0.0034939336481147622, "distilled_loss": 0.19059111677110196, "time": 0.9331386375427246, "iter": 450, "memory": 4989, "step": 450}
{"lr": 0.00010000000000000032, "data_time": 0.006261978149414062, "loss": 0.4920042586326599, "loss_rpn_cls": 0.11256989281624556, "loss_rpn_bbox": 0.026510290927253665, "s0.loss_cls": 0.10913197657093406, "s0.acc": 99.0234375, "s0.loss_bbox": 0.04786005293746712, "s1.loss_cls": 0.032956031411886216, "s1.acc": 99.4140625, "s1.loss_bbox": 0.016257451704950653, "s2.loss_cls": 0.010335675673559308, "s2.acc": 99.8046875, "s2.loss_bbox": 0.002969749651310849, "distilled_loss": 0.13341313071548938, "time": 0.9065718603134155, "iter": 500, "memory": 4981, "step": 500}
