{"lr": 4.9549098196392745e-05, "data_time": 0.07507182598114014, "loss": 6.704600429534912, "loss_rpn_cls": 0.09440369892865419, "loss_rpn_bbox": 0.10134670028463005, "loss_cls": 0.11600524814799427, "acc": 99.70703125, "loss_bbox": 0.002897649835795164, "distilled_loss": 6.389947156906128, "time": 1.080458984375, "epoch": 1, "iter": 50, "memory": 5152, "step": 50}
