{"lr": 9.90981963927856e-06, "data_time": 0.002376713752746582, "loss": 0.868828428387642, "loss_rpn_cls": 0.11267999048344791, "loss_rpn_bbox": 0.014987462654244155, "s0.loss_cls": 0.340935592353344, "s0.acc": 90.234375, "s0.loss_bbox": 0.08905915176845156, "s1.loss_cls": 0.14400054225698114, "s1.acc": 89.453125, "s1.loss_bbox": 0.06667585797782521, "s2.loss_cls": 0.0761027842387557, "s2.acc": 91.796875, "s2.loss_bbox": 0.02438704698231959, "time": 0.4407394981384277, "iter": 50, "memory": 2020, "step": 50}
{"lr": 1.991983967935873e-05, "data_time": 0.002500123977661133, "loss": 0.5721194243431091, "loss_rpn_cls": 0.04140503165777773, "loss_rpn_bbox": 0.01255932298139669, "s0.loss_cls": 0.17940003722906112, "s0.acc": 98.2421875, "s0.loss_bbox": 0.09807657208293677, "s1.loss_cls": 0.08054627612233162, "s1.acc": 99.0234375, "s1.loss_bbox": 0.08843627160298638, "s2.loss_cls": 0.033095349408686164, "s2.acc": 99.609375, "s2.loss_bbox": 0.03860056665871525, "time": 0.38766214370727536, "iter": 100, "memory": 2020, "step": 100}
{"lr": 2.9929859719438897e-05, "data_time": 0.0023459577560424804, "loss": 0.6091548359394073, "loss_rpn_cls": 0.04633885147981345, "loss_rpn_bbox": 0.012247824657242746, "s0.loss_cls": 0.1587635700404644, "s0.acc": 97.265625, "s0.loss_bbox": 0.10956649070605635, "s1.loss_cls": 0.07317675095051528, "s1.acc": 96.484375, "s1.loss_bbox": 0.11969787318259478, "s2.loss_cls": 0.03279001266695559, "s2.acc": 96.875, "s2.loss_bbox": 0.056573471661831715, "time": 0.37929638862609866, "iter": 150, "memory": 2020, "step": 150}
{"lr": 3.993987975951909e-05, "data_time": 0.002254891395568848, "loss": 0.5781964078545571, "loss_rpn_cls": 0.022608865057118236, "loss_rpn_bbox": 0.00964381653466262, "s0.loss_cls": 0.1410840091854334, "s0.acc": 95.5078125, "s0.loss_bbox": 0.11675657546147704, "s1.loss_cls": 0.06481924809515477, "s1.acc": 95.3125, "s1.loss_bbox": 0.1280580579675734, "s2.loss_cls": 0.031210940980818124, "s2.acc": 95.3125, "s2.loss_bbox": 0.0640148950961884, "time": 0.3796884679794312, "iter": 200, "memory": 2021, "step": 200}
{"lr": 4.9949899799599277e-05, "data_time": 0.0024110221862792968, "loss": 0.5579173928499221, "loss_rpn_cls": 0.03217514787218533, "loss_rpn_bbox": 0.009105680489738007, "s0.loss_cls": 0.1502076257020235, "s0.acc": 97.8515625, "s0.loss_bbox": 0.10466815328225493, "s1.loss_cls": 0.06568248853087426, "s1.acc": 95.8984375, "s1.loss_bbox": 0.11253489764407278, "s2.loss_cls": 0.028807462910190224, "s2.acc": 99.0234375, "s2.loss_bbox": 0.054735932770236105, "time": 0.3870855808258057, "iter": 250, "memory": 2020, "step": 250}
