{"lr": 9.90981963927856e-06, "data_time": 0.004993820190429687, "loss": 1.520553484687822e+17, "loss_rpn_cls": 2.8805660501867534, "loss_rpn_bbox": 0.22437530734576286, "s0.loss_cls": 0.852919016443193, "s0.acc": 99.21875, "s0.loss_bbox": 0.09939144534058869, "s1.loss_cls": 0.33219947236590086, "s1.acc": 99.21875, "s1.loss_bbox": 0.037083947425708176, "s2.loss_cls": 0.38958303414285184, "s2.acc": 98.828125, "s2.loss_bbox": 0.014571435879915953, "distilled_loss": 1.520553484687822e+17, "time": 0.8528259801864624, "iter": 50, "memory": 4742, "step": 50}
{"lr": 1.991983967935873e-05, "data_time": 0.005263457298278809, "loss": 7.647524337854971e+16, "loss_rpn_cls": 11.353153046369552, "loss_rpn_bbox": 0.7655866093933582, "s0.loss_cls": 0.6174982888996601, "s0.acc": 98.828125, "s0.loss_bbox": 0.3050694039463997, "s1.loss_cls": 0.14378238320350648, "s1.acc": 99.4140625, "s1.loss_bbox": 0.06990348986349999, "s2.loss_cls": 0.23599001279100776, "s2.acc": 99.609375, "s2.loss_bbox": 0.061510822363197805, "distilled_loss": 7.647524337854971e+16, "time": 0.8193817234039307, "iter": 100, "memory": 4742, "step": 100}
{"lr": 2.9929859719438897e-05, "data_time": 0.005384860038757325, "loss": 8009468687197143.0, "loss_rpn_cls": 8.328120701340959, "loss_rpn_bbox": 0.6510108098387718, "s0.loss_cls": 0.5643367673829198, "s0.acc": 99.4140625, "s0.loss_bbox": 0.1849423513188958, "s1.loss_cls": 0.20491800464689733, "s1.acc": 99.4140625, "s1.loss_bbox": 0.0378909415542148, "s2.loss_cls": 0.3150590202212334, "s2.acc": 99.4140625, "s2.loss_bbox": 0.060106041971594096, "distilled_loss": 8009468687197143.0, "time": 0.825489854812622, "iter": 150, "memory": 4740, "step": 150}
{"lr": 3.993987975951909e-05, "data_time": 0.005107269287109375, "loss": 1.995580887198073e+16, "loss_rpn_cls": 37.76229657649994, "loss_rpn_bbox": 2.6464418774843215, "s0.loss_cls": 4.123035305440426, "s0.acc": 95.46485137939453, "s0.loss_bbox": 1.1513558006286622, "s1.loss_cls": 0.8835594429820776, "s1.acc": 96.1451187133789, "s1.loss_bbox": 0.7069788783229888, "s2.loss_cls": 0.6402607569471002, "s2.acc": 99.77323913574219, "s2.loss_bbox": 0.7908548529446126, "distilled_loss": 1.995580887198073e+16, "time": 0.8106810998916626, "iter": 200, "memory": 4735, "step": 200}
{"lr": 4.9949899799599277e-05, "data_time": 0.005242180824279785, "loss": 6153370167075144.0, "loss_rpn_cls": 208.15900333404542, "loss_rpn_bbox": 20.386650211811066, "s0.loss_cls": 16.86140644006431, "s0.acc": 99.03382110595703, "s0.loss_bbox": 11.690191392302513, "s1.loss_cls": 6.388859765306115, "s1.acc": 99.75845336914062, "s1.loss_bbox": 6.14551336042583, "s2.loss_cls": 6.48631871625781, "s2.acc": 99.75845336914062, "s2.loss_bbox": 4.14011246651411, "distilled_loss": 6153370167075144.0, "time": 0.8078258943557739, "iter": 250, "memory": 4742, "step": 250}
{"lr": 5.995991983967944e-05, "data_time": 0.005228018760681153, "loss": 1488552379505705.0, "loss_rpn_cls": 40.42008193731308, "loss_rpn_bbox": 9.6548701274395, "s0.loss_cls": 2.00288107201457, "s0.acc": 99.4936752319336, "s0.loss_bbox": 0.6052485631406307, "s1.loss_cls": 0.7190973750501871, "s1.acc": 99.4936752319336, "s1.loss_bbox": 0.2972832746617496, "s2.loss_cls": 0.39749374832957984, "s2.acc": 99.4936752319336, "s2.loss_bbox": 0.22408305384218694, "distilled_loss": 1488552379505705.0, "time": 0.807498574256897, "iter": 300, "memory": 4735, "step": 300}
{"lr": 6.996993987975965e-05, "data_time": 0.005028624534606934, "loss": 1.3863064188349318e+16, "loss_rpn_cls": 173.37394134521483, "loss_rpn_bbox": 18.924634298682214, "s0.loss_cls": 4.719511025547981, "s0.acc": 66.66666412353516, "s0.loss_bbox": 5.990984424948692, "s1.loss_cls": 7.214743214547634, "s1.acc": 66.66666412353516, "s1.loss_bbox": 4.186955194836482, "s2.loss_cls": 3.1516483829915525, "s2.acc": 66.66666412353516, "s2.loss_bbox": 1.790662900954485, "distilled_loss": 1.3863064188349318e+16, "time": 0.7894934511184692, "iter": 350, "memory": 4742, "step": 350}
{"lr": 7.997995991983987e-05, "data_time": 0.005239396095275879, "loss": 9933197999016510.0, "loss_rpn_cls": 624.7233106994629, "loss_rpn_bbox": 57.81203642964363, "s0.loss_cls": 38.35991525888443, "s0.acc": 97.64706420898438, "s0.loss_bbox": 22.80724146962166, "s1.loss_cls": 53.47809316694737, "s1.acc": 88.23529815673828, "s1.loss_bbox": 31.624300283119084, "s2.loss_cls": 7.165829493664205, "s2.acc": 88.23529815673828, "s2.loss_bbox": 15.189583208113909, "distilled_loss": 9933197999016510.0, "time": 0.792369966506958, "iter": 400, "memory": 4695, "step": 400}
{"lr": 8.998997995992009e-05, "data_time": 0.005365471839904785, "loss": 5627359239528776.0, "loss_rpn_cls": 258.1212516784668, "loss_rpn_bbox": 24.828512063026427, "s0.loss_cls": 5.712439759373665, "s0.acc": 98.4375, "s0.loss_bbox": 3.551912420541048, "s1.loss_cls": 2.920319192558527, "s1.acc": 98.4375, "s1.loss_bbox": 1.9143257482349874, "s2.loss_cls": 1.3618545885011555, "s2.acc": 98.4375, "s2.loss_bbox": 1.6112431494891644, "distilled_loss": 5627359239528776.0, "time": 0.8169916296005248, "iter": 450, "memory": 4735, "step": 450}
{"lr": 0.00010000000000000032, "data_time": 0.005111856460571289, "loss": 730106230797762.5, "loss_rpn_cls": 196.50863636016845, "loss_rpn_bbox": 24.516571090221404, "s0.loss_cls": 9.683828760385513, "s0.acc": 99.53050994873047, "s0.loss_bbox": 5.79171782374382, "s1.loss_cls": 5.1720231945812705, "s1.acc": 99.53050994873047, "s1.loss_bbox": 3.627199655473232, "s2.loss_cls": 1.4194379323720931, "s2.acc": 99.53050994873047, "s2.loss_bbox": 2.3810382894426585, "distilled_loss": 730106230797762.5, "time": 0.7923191452026367, "iter": 500, "memory": 4735, "step": 500}
{"lr": 0.00010000000000000032, "data_time": 0.00508641242980957, "loss": 4374137816062361.5, "loss_rpn_cls": 483.5727914047241, "loss_rpn_bbox": 40.995292041301724, "s0.loss_cls": 26.442960739135742, "s0.acc": 99.40298461914062, "s0.loss_bbox": 3.8909995022416113, "s1.loss_cls": 10.383904307484627, "s1.acc": 99.40298461914062, "s1.loss_bbox": 1.7675434290617704, "s2.loss_cls": 0.7552231609821319, "s2.acc": 99.40298461914062, "s2.loss_bbox": 0.7036530266702176, "distilled_loss": 4374137816062361.5, "time": 0.7815379428863526, "iter": 550, "memory": 4735, "step": 550}
{"lr": 0.00010000000000000032, "data_time": 0.005121879577636719, "loss": 2.601991516440232e+16, "loss_rpn_cls": 3283.521259536743, "loss_rpn_bbox": 243.59068202733994, "s0.loss_cls": 1210.6342611265181, "s0.acc": 71.42857360839844, "s0.loss_bbox": 866.1931562530995, "s1.loss_cls": 936.7320832897956, "s1.acc": 100.0, "s1.loss_bbox": 710.9808899712563, "s2.loss_cls": 13.58148066843627, "s2.acc": 100.0, "s2.loss_bbox": 263.78476991541686, "distilled_loss": 2.601991516440232e+16, "time": 0.766571102142334, "iter": 600, "memory": 4664, "step": 600}
{"lr": 0.00010000000000000032, "data_time": 0.005164132118225097, "loss": 3.5039979688983264e+16, "loss_rpn_cls": 1869.617862701416, "loss_rpn_bbox": 325.3799459052086, "s0.loss_cls": 208.32982287973167, "s0.acc": 97.6744155883789, "s0.loss_bbox": 496.75559400081636, "s1.loss_cls": 162.09347899517044, "s1.acc": 57.558135986328125, "s1.loss_bbox": 140.43797266915442, "s2.loss_cls": 26.373752933628857, "s2.acc": 98.83720397949219, "s2.loss_bbox": 145.92562136530876, "distilled_loss": 3.5039979688983264e+16, "time": 0.7768695974349975, "iter": 650, "memory": 4741, "step": 650}
{"lr": 0.00010000000000000032, "data_time": 0.00519948959350586, "loss": 6584831267664036.0, "loss_rpn_cls": 1046.4512978744506, "loss_rpn_bbox": 130.96251830101014, "s0.loss_cls": 42.375274971723556, "s0.acc": 99.51456451416016, "s0.loss_bbox": 41.39960353493691, "s1.loss_cls": 54.31470206022263, "s1.acc": 99.51456451416016, "s1.loss_bbox": 41.36790693581104, "s2.loss_cls": 6.549199061524123, "s2.acc": 99.51456451416016, "s2.loss_bbox": 13.070627433657647, "distilled_loss": 6584831267664036.0, "time": 0.8263044023513794, "iter": 700, "memory": 4742, "step": 700}
{"lr": 0.00010000000000000032, "data_time": 0.005157022476196289,