{"coco/bbox_mAP": 0.299, "coco/bbox_mAP_50": 0.697, "coco/bbox_mAP_75": 0.191, "coco/bbox_mAP_s": 0.157, "coco/bbox_mAP_m": 0.342, "coco/bbox_mAP_l": 0.514, "coco/bbox_AR@100": 0.401, "coco/bbox_AR@300": 0.401, "coco/bbox_AR@1000": 0.401, "coco/bbox_AR_s@1000": 0.322, "coco/bbox_AR_m@1000": 0.43, "coco/bbox_AR_l@1000": 0.572, "reasonable_coco/bbox_mAP": 0.405, "reasonable_coco/bbox_mAP_50": 0.851, "reasonable_coco/bbox_mAP_75": 0.308, "reasonable_coco/bbox_mAP_s": -1.0, "reasonable_coco/bbox_mAP_m": 0.413, "reasonable_coco/bbox_mAP_l": 0.522, "reasonable_coco/bbox_AR@100": 0.518, "reasonable_coco/bbox_AR@300": 0.518, "reasonable_coco/bbox_AR@1000": 0.518, "reasonable_coco/bbox_AR_s@1000": -1.0, "reasonable_coco/bbox_AR_m@1000": 0.515, "reasonable_coco/bbox_AR_l@1000": 0.578, "coco/all": 0.12174274103288424, "coco/day": 0.1374834260825019, "coco/night": 0.0707955715666903, "coco/recall_all": 0.9731404958677686, "coco/recall_day": 0.9675785207700102, "coco/recall_night": 0.9849462365591398, "data_time": 0.0034131091187309414, "time": 0.2977717375882354}