{"lr": 9.90981963927856e-06, "data_time": 0.00817490577697754, "loss": 4.5551480460166935, "loss_rpn_cls": 0.869097743704915, "loss_rpn_bbox": 0.07452626226469874, "s0.loss_cls": 0.11762507818639278, "s0.acc": 99.609375, "s0.loss_bbox": 0.035373334342148156, "s1.loss_cls": 0.04690556107088924, "s1.acc": 99.609375, "s1.loss_bbox": 0.007962632184644462, "s2.loss_cls": 0.037998098339885475, "s2.acc": 99.609375, "s2.loss_bbox": 0.0034563929484284018, "distilled_loss": 3.3622029209136963, "time": 1.673949990272522, "iter": 50, "memory": 5007, "step": 50}
