{"lr": 9.90981963927856e-06, "data_time": 0.005861473083496094, "loss": 9.061154656410217, "loss_rpn_cls": 1.0693578718602657, "loss_rpn_bbox": 0.07842691246420146, "s0.loss_cls": 1.5386576686613262, "s0.acc": 98.828125, "s0.loss_bbox": 0.04423101977095939, "s1.loss_cls": 0.04911093004979193, "s1.acc": 99.4140625, "s1.loss_bbox": 0.010071428764495067, "s2.loss_cls": 0.03570800169371068, "s2.acc": 99.4140625, "s2.loss_bbox": 0.002066175312065752, "distilled_loss": 6.23352475643158, "time": 0.9915679979324341, "iter": 50, "memory": 4991, "step": 50}
{"lr": 1.991983967935873e-05, "data_time": 0.005963706970214843, "loss": 4.477868168354035, "loss_rpn_cls": 0.22916256599128246, "loss_rpn_bbox": 0.028254308081232013, "s0.loss_cls": 0.12443548932671547, "s0.acc": 93.359375, "s0.loss_bbox": 0.05955181344877929, "s1.loss_cls": 0.03735195524990559, "s1.acc": 97.0703125, "s1.loss_bbox": 0.01759339164418634, "s2.loss_cls": 0.015123592736199499, "s2.acc": 98.2421875, "s2.loss_bbox": 0.002924259403225733, "distilled_loss": 3.9634708046913145, "time": 1.0016777420043945, "iter": 100, "memory": 4993, "step": 100}
{"lr": 2.9929859719438897e-05, "data_time": 0.00595128059387207, "loss": 3.1482832765579225, "loss_rpn_cls": 0.5375093877688051, "loss_rpn_bbox": 0.03670190702425316, "s0.loss_cls": 0.0802950101532042, "s0.acc": 97.8515625, "s0.loss_bbox": 0.05462425539968535, "s1.loss_cls": 0.027202129494398833, "s1.acc": 98.6328125, "s1.loss_bbox": 0.011509525902220048, "s2.loss_cls": 0.011396941416896879, "s2.acc": 99.21875, "s2.loss_bbox": 0.0012832986954708758, "distilled_loss": 2.3877608340978624, "time": 0.891379451751709, "iter": 150, "memory": 4984, "step": 150}
{"lr": 3.993987975951909e-05, "data_time": 0.004790687561035156, "loss": 1.0538114643096923, "loss_rpn_cls": 0.12081336196511984, "loss_rpn_bbox": 0.017704092133790254, "s0.loss_cls": 0.13716918855905533, "s0.acc": 99.21875, "s0.loss_bbox": 0.07422110790386796, "s1.loss_cls": 0.03401863965205848, "s1.acc": 99.4140625, "s1.loss_bbox": 0.01784694559406489, "s2.loss_cls": 0.01229618783982005, "s2.acc": 99.609375, "s2.loss_bbox": 0.003694290967832785, "distilled_loss": 0.636047640144825, "time": 0.8624876737594604, "iter": 200, "memory": 4666, "step": 200}
{"lr": 4.9949899799599277e-05, "data_time": 0.004314303398132324, "loss": 0.871876305937767, "loss_rpn_cls": 0.17833341002464295, "loss_rpn_bbox": 0.0234242696443107, "s0.loss_cls": 0.17877999659627675, "s0.acc": 95.3125, "s0.loss_bbox": 0.07129752558772452, "s1.loss_cls": 0.05504347461275756, "s1.acc": 97.8515625, "s1.loss_bbox": 0.02619625396284391, "s2.loss_cls": 0.018061436554417012, "s2.acc": 98.2421875, "s2.loss_bbox": 0.005772617082839133, "distilled_loss": 0.31496731489896773, "time": 0.8721963596343995, "iter": 250, "memory": 4983, "step": 250}
{"lr": 5.995991983967944e-05, "data_time": 0.002743086814880371, "loss": 0.7605787569284439, "loss_rpn_cls": 0.15483722876757383, "loss_rpn_bbox": 0.02659472153405659, "s0.loss_cls": 0.1461099348962307, "s0.acc": 98.2421875, "s0.loss_bbox": 0.06107908603735268, "s1.loss_cls": 0.043619173914194107, "s1.acc": 99.0234375, "s1.loss_bbox": 0.019642645341809838, "s2.loss_cls": 0.01467882507480681, "s2.acc": 99.21875, "s2.loss_bbox": 0.003895227752946084, "distilled_loss": 0.29012191876769067, "time": 0.8972538471221924, "iter": 300, "memory": 4993, "step": 300}
{"lr": 6.996993987975965e-05, "data_time": 0.006109652519226075, "loss": 0.8521805870532989, "loss_rpn_cls": 0.1304663133248687, "loss_rpn_bbox": 0.01449189783190377, "s0.loss_cls": 0.11786781456321478, "s0.acc": 99.609375, "s0.loss_bbox": 0.052467821525642645, "s1.loss_cls": 0.036647085594013334, "s1.acc": 99.609375, "s1.loss_bbox": 0.01939278132878826, "s2.loss_cls": 0.011655378616414963, "s2.acc": 99.609375, "s2.loss_bbox": 0.0041255088416073706, "distilled_loss": 0.4650659804046154, "time": 0.8653619050979614, "iter": 350, "memory": 4993, "step": 350}
{"lr": 7.997995991983987e-05, "data_time": 0.004852361679077148, "loss": 0.7368177622556686, "loss_rpn_cls": 0.1392675943300128, "loss_rpn_bbox": 0.02386890072724782, "s0.loss_cls": 0.15864472158253193, "s0.acc": 99.609375, "s0.loss_bbox": 0.07783773057628424, "s1.loss_cls": 0.04671218051575124, "s1.acc": 99.609375, "s1.loss_bbox": 0.02558306880586315, "s2.loss_cls": 0.015098486123606562, "s2.acc": 99.609375, "s2.loss_bbox": 0.004837132091761304, "distilled_loss": 0.24496793985366822, "time": 0.8736068582534791, "iter": 400, "memory": 4993, "step": 400}
{"lr": 8.998997995992009e-05, "data_time": 0.003740706443786621, "loss": 0.6983851534128189, "loss_rpn_cls": 0.14782006278634072, "loss_rpn_bbox": 0.02399608330335468, "s0.loss_cls": 0.1642241797596216, "s0.acc": 98.4375, "s0.loss_bbox": 0.074539776876627, "s1.loss_cls": 0.0529070995002985, "s1.acc": 99.21875, "s1.loss_bbox": 0.027763757774373517, "s2.loss_cls": 0.017146341227926312, "s2.acc": 99.4140625, "s2.loss_bbox": 0.006074825918913121, "distilled_loss": 0.18391302682459354, "time": 0.8882084560394287, "iter": 450, "memory": 4983, "step": 450}
{"lr": 0.00010000000000000032, "data_time": 0.004699902534484863, "loss": 0.724317336678505, "loss_rpn_cls": 0.13742914400994777, "loss_rpn_bbox": 0.01900285358191468, "s0.loss_cls": 0.1372328354790807, "s0.acc": 95.3125, "s0.loss_bbox": 0.057738361964002255, "s1.loss_cls": 0.045866463917773215, "s1.acc": 97.65625, "s1.loss_bbox": 0.026879368004447315, "s2.loss_cls": 0.013635625913739204, "s2.acc": 98.828125, "s2.loss_bbox": 0.004503899634000845, "distilled_loss": 0.2820287843048572, "time": 0.8839635753631592, "iter": 500, "memory": 4983, "step": 500}
