{"coco/bbox_mAP": 0.202, "coco/bbox_mAP_50": 0.551, "coco/bbox_mAP_75": 0.084, "coco/bbox_mAP_s": 0.12, "coco/bbox_mAP_m": 0.231, "coco/bbox_mAP_l": 0.325, "data_time": 0.02456707302249346, "time": 0.2893285891090786, "step": 0}
