{"lr": 9.909819639278549e-05, "data_time": 0.11980822086334228, "loss": 0.2421419943869114, "loss_rpn_cls": 0.0773639252409339, "loss_rpn_bbox": 0.11366919768974185, "loss_cls": 0.047993536423891786, "acc": 99.462890625, "loss_bbox": 0.003115335333859548, "time": 1.0187771558761596, "epoch": 1, "iter": 50, "memory": 3547, "step": 50}
