{"lr": 9.909819639278549e-05, "data_time": 0.08081908702850342, "loss": 0.24931178458034992, "loss_rpn_cls": 0.05715306537225842, "loss_rpn_bbox": 0.10437795332632958, "loss_cls": 0.07929107017815112, "acc": 99.12109375, "loss_bbox": 0.008489693681476639, "time": 0.7553250646591186, "epoch": 1, "iter": 50, "memory": 3547, "step": 50}
{"lr": 0.00019919839679358693, "data_time": 0.008114676475524902, "loss": 0.10935219064354897, "loss_rpn_cls": 0.024771814048290253, "loss_rpn_bbox": 0.04741091153584421, "loss_cls": 0.023366986541077495, "acc": 98.92578125, "loss_bbox": 0.01380247785244137, "time": 0.5778845405578613, "epoch": 1, "iter": 100, "memory": 3547, "step": 100}
{"lr": 0.00029929859719438854, "data_time": 0.00786973476409912, "loss": 0.10212801061570645, "loss_rpn_cls": 0.019779782639816404, "loss_rpn_bbox": 0.04428226418793201, "loss_cls": 0.016939131543040276, "acc": 99.0234375, "loss_bbox": 0.0211268334207125, "time": 0.5904708576202392, "epoch": 1, "iter": 150, "memory": 3547, "step": 150}
{"lr": 0.00039939879759519033, "data_time": 0.007758030891418457, "loss": 0.10168799366801977, "loss_rpn_cls": 0.01926291693933308, "loss_rpn_bbox": 0.042913985745981334, "loss_cls": 0.016584046967327595, "acc": 98.92578125, "loss_bbox": 0.022927043969975785, "time": 0.5933536529541016, "epoch": 1, "iter": 200, "memory": 3547, "step": 200}
{"lr": 0.0004994989979959919, "data_time": 0.007719316482543945, "loss": 0.13889135528355837, "loss_rpn_cls": 0.024079803926870227, "loss_rpn_bbox": 0.06285271766595542, "loss_cls": 0.017793510854244233, "acc": 97.607421875, "loss_bbox": 0.03416532280854881, "time": 0.5820426893234253, "epoch": 1, "iter": 250, "memory": 3547, "step": 250}
{"lr": 0.0005995991983967938, "data_time": 0.007928681373596192, "loss": 0.1301535687968135, "loss_rpn_cls": 0.0216702364012599, "loss_rpn_bbox": 0.05589097807183862, "loss_cls": 0.018385301921516658, "acc": 97.509765625, "loss_bbox": 0.03420705066877417, "time": 0.583586778640747, "epoch": 1, "iter": 300, "memory": 3547, "step": 300}
{"lr": 0.0006996993987975959, "data_time": 0.0077547597885131835, "loss": 0.1303182978928089, "loss_rpn_cls": 0.01923650974407792, "loss_rpn_bbox": 0.04888030393049121, "loss_cls": 0.018986450089141727, "acc": 98.14453125, "loss_bbox": 0.04321503457613289, "time": 0.5900969362258911, "epoch": 1, "iter": 350, "memory": 3547, "step": 350}
{"lr": 0.0007997995991983982, "data_time": 0.00808873176574707, "loss": 0.12373620703816414, "loss_rpn_cls": 0.018719670679420233, "loss_rpn_bbox": 0.042338202558457855, "loss_cls": 0.018462330847978593, "acc": 98.583984375, "loss_bbox": 0.044216002728790046, "time": 0.5995382928848266, "epoch": 1, "iter": 400, "memory": 3547, "step": 400}
{"lr": 0.0008998997995992007, "data_time": 0.007673802375793457, "loss": 0.11354348089545965, "loss_rpn_cls": 0.017322018374688924, "loss_rpn_bbox": 0.04120045126415789, "loss_cls": 0.017627730630338193, "acc": 99.169921875, "loss_bbox": 0.03739327891729772, "time": 0.5736032342910766, "epoch": 1, "iter": 450, "memory": 3547, "step": 450}
{"lr": 0.0010000000000000028, "data_time": 0.00773869514465332, "loss": 0.1263649485260248, "loss_rpn_cls": 0.018046192624606192, "loss_rpn_bbox": 0.045484501011669634, "loss_cls": 0.018705144692212343, "acc": 99.21875, "loss_bbox": 0.04412910947576165, "time": 0.568619966506958, "epoch": 1, "iter": 500, "memory": 3547, "step": 500}
{"lr": 0.0010000000000000028, "data_time": 0.007698211669921875, "loss": 0.12582346469163894, "loss_rpn_cls": 0.017942128321155906, "loss_rpn_bbox": 0.03851874316111207, "loss_cls": 0.01879057167097926, "acc": 98.6328125, "loss_bbox": 0.05057202182244509, "time": 0.5698813199996948, "epoch": 1, "iter": 550, "memory": 3547, "step": 550}
{"lr": 0.0010000000000000028, "data_time": 0.007669754028320312, "loss": 0.14566800508648156, "loss_rpn_cls": 0.020792811634019016, "loss_rpn_bbox": 0.05552838271483779, "loss_cls": 0.018892853651195765, "acc": 98.291015625, "loss_bbox": 0.0504539579898119, "time": 0.5724953937530518, "epoch": 1, "iter": 600, "memory": 3547, "step": 600}
{"lr": 0.0010000000000000028, "data_time": 0.007548160552978515, "loss": 0.13175843883305788, "loss_rpn_cls": 0.016248806971125306, "loss_rpn_bbox": 0.04675962701439858, "loss_cls": 0.01854666686616838, "acc": 99.560546875, "loss_bbox": 0.050203338926658035, "time": 0.5646835947036744, "epoch": 1, "iter": 650, "memory": 3547, "step": 650}
{"lr": 0.0010000000000000028, "data_time": 0.00785810947418213, "loss": 0.14770039174705743, "loss_rpn_cls": 0.016351741375401616, "loss_rpn_bbox": 0.04133949409238994, "loss_cls": 0.021937422286719084, "acc": 97.75390625, "loss_bbox": 0.06807173423469066, "time": 0.5616086435317993, "epoch": 1, "iter": 700, "memory": 3547, "step": 700}
{"lr": 0.0010000000000000028, "data_time": 0.007489886283874512, "loss": 0.12598398864269256, "loss_rpn_cls": 0.014817656832747161, "loss_rpn_bbox": 0.03657772937789559, "loss_cls": 0.01918776338919997, "acc": 98.53515625, "loss_bbox": 0.05540083771571517, "time": 0.5750374889373779, "epoch": 1, "iter": 750, "memory": 3547, "step": 750}
{"lr": 0.0010000000000000028, "data_time": 0.0076384878158569335, "loss": 0.15795197516679763, "loss_rpn_cls": 0.014981929156929254, "loss_rpn_bbox": 0.035094712181016806, "loss_cls": 0.02372794980183244, "acc": 99.21875, "loss_bbox": 0.08414738327264785, "time": 0.5685391664505005, "epoch": 1, "iter": 800, "memory": 3547, "step": 800}
{"lr": 0.0010000000000000028, "data_time": 0.007802076339721679, "loss": 0.19238396249711515, "loss_rpn_cls": 0.02135476429015398, "loss_rpn_bbox": 0.05984513469040394, "loss_cls": 0.023377818018198014, "acc": 97.509765625, "loss_bbox": 0.08780624523758888, "time": 0.5728948879241943, "epoch": 1, "iter": 850, "memory": 3547, "step": 850}
{"lr": 0.0010000000000000028, "data_time": 0.007585296630859375, "loss": 0.1787282283604145, "loss_rpn_cls": 0.01807579809334129, "loss_rpn_bbox": 0.04930037796497345, "loss_cls": 0.02340903026983142, "acc": 97.8515625, "loss_bbox": 0.08794302202761173, "time": 0.5671009874343872, "epoch": 1, "iter": 900, "memory": 3547, "step": 900}
{"lr": 0.0010000000000000028, "data_time": 0.0075638675689697265, "loss": 0.17237740136682989, "loss_rpn_cls": 0.01570875937351957, "loss_rpn_bbox": 0.04672721454873681, "loss_cls": 0.022699375599622727, "acc": 97.0703125, "loss_bbox": 0.08724205285310745, "time": 0.5670631313323975, "epoch": 1, "iter": 950, "memory": 3547, "step": 950}
{"lr": 0.0010000000000000028, "data_time": 0.00756040096282959, "loss": 0.15257778625935317, "loss_rpn_cls": 0.016104962648823856, "loss_rpn_bbox": 0.04340913002379239, "loss_cls": 0.02093963887542486, "acc": 96.728515625, "loss_bbox": 0.07212405379861593, "time": 0.5739848947525025, "epoch": 1, "iter": 1000, "memory": 3547, "step": 1000}
{"lr": 0.0010000000000000028, "data_time": 0.007719898223876953, "loss": 0.1850274270772934, "loss_rpn_cls": 0.01279966347385198, "loss_rpn_bbox": 0.037981630880385635, "loss_cls": 0.026809785813093186, "acc": 97.705078125, "loss_bbox": 0.10743634823709726, "time": 0.5668880987167358, "epoch": 1, "iter": 1050, "memory": 3547, "step": 1050}
{"lr": 0.0010000000000000028, "data_time": 0.007598590850830078, "loss": 0.15772351771593093, "loss_rpn_cls": 0.012620001989416778, "loss_rpn_bbox": 0.03482028301805258, "loss_cls": 0.02423695731908083, "acc": 97.4609375, "loss_bbox": 0.08604627344757318, "time": 0.5680526876449585, "epoch": 1, "iter": 1100, "memory": 3547, "step": 1100}
{"lr": 0.0010000000000000028, "data_time": 0.007757301330566406, "loss": 0.18151390701532363, "loss_rpn_cls": 0.01252953672548756, "loss_rpn_bbox": 0.039882712829858065, "loss_cls": 0.02475391434505582, "acc": 96.875, "loss_bbox": 0.10434774219989777, "time": 0.5689010524749756, "epoch": 1, "iter": 1150, "memory": 3547, "step": 1150}
{"lr": 0.0010000000000000028, "data_time": 0.00783125400543213, "loss": 0.18225903399288654, "loss_rpn_cls": 0.013891156881581991, "loss_rpn_bbox": 0.04366265503689647,