{"lr": 9.909819639278549e-05, "data_time": 0.1606404733657837, "loss": 0.26280193343758584, "loss_rpn_cls": 0.05911437212489545, "loss_rpn_bbox": 0.1156662967428565, "loss_cls": 0.0746127000823617, "acc": 99.0234375, "loss_bbox": 0.013408565238351003, "time": 1.1159518241882325, "epoch": 1, "iter": 50, "memory": 3549, "step": 50}
{"lr": 0.00019919839679358693, "data_time": 0.007955894470214844, "loss": 0.10105023365467787, "loss_rpn_cls": 0.020143902534618972, "loss_rpn_bbox": 0.0528876407071948, "loss_cls": 0.015412981268018483, "acc": 99.560546875, "loss_bbox": 0.012605710630305111, "time": 0.6168082380294799, "epoch": 1, "iter": 100, "memory": 3549, "step": 100}
{"lr": 0.00029929859719438854, "data_time": 0.008092288970947265, "loss": 0.12172695674002171, "loss_rpn_cls": 0.025092828385531903, "loss_rpn_bbox": 0.05842226417735219, "loss_cls": 0.015962915131822228, "acc": 98.974609375, "loss_bbox": 0.02224894966580905, "time": 0.5852580213546753, "epoch": 1, "iter": 150, "memory": 3549, "step": 150}
{"lr": 0.00039939879759519033, "data_time": 0.008394355773925782, "loss": 0.12069726146757603, "loss_rpn_cls": 0.02265435565263033, "loss_rpn_bbox": 0.06443978682160377, "loss_cls": 0.01449105621315539, "acc": 97.314453125, "loss_bbox": 0.019112063884967938, "time": 0.5752974700927734, "epoch": 1, "iter": 200, "memory": 3549, "step": 200}
{"lr": 0.0004994989979959919, "data_time": 0.008157658576965331, "loss": 0.08788002286106349, "loss_rpn_cls": 0.017896940554492174, "loss_rpn_bbox": 0.03442564832046628, "loss_cls": 0.015365552054718137, "acc": 98.92578125, "loss_bbox": 0.02019188187085092, "time": 0.5910913562774658, "epoch": 1, "iter": 250, "memory": 3549, "step": 250}
{"lr": 0.0005995991983967938, "data_time": 0.008075485229492188, "loss": 0.1040854716487229, "loss_rpn_cls": 0.019599789809435605, "loss_rpn_bbox": 0.045790724530816077, "loss_cls": 0.016160177858546378, "acc": 99.267578125, "loss_bbox": 0.022534779992420227, "time": 0.6141846084594726, "epoch": 1, "iter": 300, "memory": 3549, "step": 300}
{"lr": 0.0006996993987975959, "data_time": 0.00826429843902588, "loss": 0.11452247260138393, "loss_rpn_cls": 0.019479379039257765, "loss_rpn_bbox": 0.050778437294065955, "loss_cls": 0.01507493899203837, "acc": 99.0234375, "loss_bbox": 0.029189718153502325, "time": 0.6065801000595092, "epoch": 1, "iter": 350, "memory": 3549, "step": 350}
{"lr": 0.0007997995991983982, "data_time": 0.008348684310913086, "loss": 0.13475131504237653, "loss_rpn_cls": 0.019956062491983177, "loss_rpn_bbox": 0.05390133532695472, "loss_cls": 0.01887186722829938, "acc": 98.14453125, "loss_bbox": 0.042022051205858585, "time": 0.6377446746826172, "epoch": 1, "iter": 400, "memory": 3549, "step": 400}
{"lr": 0.0008998997995992007, "data_time": 0.008271055221557617, "loss": 0.12584225755184889, "loss_rpn_cls": 0.01969972318969667, "loss_rpn_bbox": 0.0520022261608392, "loss_cls": 0.017921633552759886, "acc": 98.486328125, "loss_bbox": 0.03621867410605773, "time": 0.623400354385376, "epoch": 1, "iter": 450, "memory": 3549, "step": 450}
{"lr": 0.0010000000000000028, "data_time": 0.00786520481109619, "loss": 0.11398852486163377, "loss_rpn_cls": 0.020268024988472463, "loss_rpn_bbox": 0.04653739620000124, "loss_cls": 0.017773005394265056, "acc": 98.779296875, "loss_bbox": 0.029410099294036627, "time": 0.6079750204086304, "epoch": 1, "iter": 500, "memory": 3549, "step": 500}
{"lr": 0.0010000000000000028, "data_time": 0.008031129837036133, "loss": 0.11833560787141323, "loss_rpn_cls": 0.018956862166523935, "loss_rpn_bbox": 0.04413848956115544, "loss_cls": 0.01720375551842153, "acc": 96.6796875, "loss_bbox": 0.03803650099784136, "time": 0.6114851331710816, "epoch": 1, "iter": 550, "memory": 3549, "step": 550}
{"lr": 0.0010000000000000028, "data_time": 0.007931714057922363, "loss": 0.12976578548550605, "loss_rpn_cls": 0.016403080467134713, "loss_rpn_bbox": 0.03662297029979527, "loss_cls": 0.020218876488506794, "acc": 99.169921875, "loss_bbox": 0.05652085716836155, "time": 0.6046081256866455, "epoch": 1, "iter": 600, "memory": 3549, "step": 600}
{"lr": 0.0010000000000000028, "data_time": 0.008372507095336913, "loss": 0.10671838562935591, "loss_rpn_cls": 0.014672656236216426, "loss_rpn_bbox": 0.03403211594093591, "loss_cls": 0.017105222921818496, "acc": 99.365234375, "loss_bbox": 0.04090839089825749, "time": 0.6024667882919311, "epoch": 1, "iter": 650, "memory": 3549, "step": 650}
{"lr": 0.0010000000000000028, "data_time": 0.007825474739074707, "loss": 0.14703990451991558, "loss_rpn_cls": 0.019419355816207826, "loss_rpn_bbox": 0.05088886434212327, "loss_cls": 0.019333802387118338, "acc": 99.072265625, "loss_bbox": 0.05739788150414824, "time": 0.6115804147720337, "epoch": 1, "iter": 700, "memory": 3549, "step": 700}
{"lr": 0.0010000000000000028, "data_time": 0.008279652595520019, "loss": 0.132107713483274, "loss_rpn_cls": 0.015735661261714995, "loss_rpn_bbox": 0.040903389025479554, "loss_cls": 0.020039593065157534, "acc": 98.193359375, "loss_bbox": 0.05542906944639981, "time": 0.6136814260482788, "epoch": 1, "iter": 750, "memory": 3549, "step": 750}
{"lr": 0.0010000000000000028, "data_time": 0.007998285293579101, "loss": 0.13430767625570297, "loss_rpn_cls": 0.01822408668231219, "loss_rpn_bbox": 0.05080111525952816, "loss_cls": 0.017305081691592932, "acc": 95.654296875, "loss_bbox": 0.04797739033587277, "time": 0.6099289989471436, "epoch": 1, "iter": 800, "memory": 3549, "step": 800}
{"lr": 0.0010000000000000028, "data_time": 0.008135566711425781, "loss": 0.16323246128857136, "loss_rpn_cls": 0.01874683459289372, "loss_rpn_bbox": 0.05346682340838015, "loss_cls": 0.0210887092910707, "acc": 98.828125, "loss_bbox": 0.06993009557947516, "time": 0.6121207761764527, "epoch": 1, "iter": 850, "memory": 3549, "step": 850}
{"lr": 0.0010000000000000028, "data_time": 0.00825840950012207, "loss": 0.16595234669744968, "loss_rpn_cls": 0.014956139852292836, "loss_rpn_bbox": 0.04243288781493902, "loss_cls": 0.023191840071231127, "acc": 97.802734375, "loss_bbox": 0.08537148006260395, "time": 0.6176964616775513, "epoch": 1, "iter": 900, "memory": 3549, "step": 900}
{"lr": 0.0010000000000000028, "data_time": 0.008122215270996094, "loss": 0.16670099794864654, "loss_rpn_cls": 0.0174618210317567, "loss_rpn_bbox": 0.04809371925890446, "loss_cls": 0.023691370878368617, "acc": 98.828125, "loss_bbox": 0.07745408717542887, "time": 0.6079196739196777, "epoch": 1, "iter": 950, "memory": 3549, "step": 950}
{"lr": 0.0010000000000000028, "data_time": 0.008081173896789551, "loss": 0.17834775261580943, "loss_rpn_cls": 0.016817909288220106, "loss_rpn_bbox": 0.049444516357034445, "loss_cls": 0.025006076488643884, "acc": 98.681640625, "loss_bbox": 0.08707924954593181, "time": 0.6068047523498535, "epoch": 1, "iter": 1000, "memory": 3549, "step": 1000}
{"lr": 0.0010000000000000028, "data_time": 0.008061118125915527, "loss": 0.16548390224575996, "loss_rpn_cls": 0.017077332357876004, "loss_rpn_bbox": 0.049889349872246386, "loss_cls": 0.02148170715197921, "acc": 97.4609375, "loss_bbox": 0.07703551240265369, "time": 0.6138051223754882, "epoch": 1, "iter": 1050, "memory": 3549, "step": 1050}
{"lr": 0.0010000000000000028, "data_time": 0.007805523872375489, "loss": 0.16594729393720628, "loss_rpn_cls": 0.01436470246873796, "loss_rpn_bbox": 0.04449330897070467, "loss_cls": 0.0219410121999681, "acc": 97.998046875, "loss_bbox": 0.0851482705026865, "time": 0.6094608879089356, "epoch": 1, "iter": 1100, "memory": 3549, "step": 1100}
{"lr": 0.0010000000000000028, "data_time": 0.008349647521972656, "loss": 0.1700753928720951, "loss_rpn_cls": 0.014920316259376705, "loss_rpn_bbox": 0.04450491869822144, "loss_cls": 0.02290802026167512, "acc": 96.484375, "loss_bbox": 0.0877421359717846, "time": 0.6088602256774902, "epoch": 1, "iter": 1150, "memory": 3549, "step": 1150}
{"lr": 0.0010000000000000028, "data_time": 0.007919611930847168, "loss": 0.17727280646562577, "loss_rpn_cls": 0.013643099288456141, "loss_rpn_bbox": 0.04890017972327769,