{"lr": 9.90981963927856e-06, "data_time": 0.00272216796875, "loss": 0.9084569603204727, "loss_rpn_cls": 0.12839306322857738, "loss_rpn_bbox": 0.015263452394865453, "s0.loss_cls": 0.40222283974289896, "s0.acc": 83.59375, "s0.loss_bbox": 0.06459123970358632, "s1.loss_cls": 0.15426336660981177, "s1.acc": 83.59375, "s1.loss_bbox": 0.05438718399906065, "s2.loss_cls": 0.06764454491436482, "s2.acc": 87.40234375, "s2.loss_bbox": 0.02169127194370958, "time": 0.5882262706756591, "iter": 50, "memory": 3923, "step": 50}
{"lr": 1.991983967935873e-05, "data_time": 0.0028713846206665037, "loss": 0.6130463349819183, "loss_rpn_cls": 0.05236256438307464, "loss_rpn_bbox": 0.013030880064470694, "s0.loss_cls": 0.1868020860850811, "s0.acc": 93.65234375, "s0.loss_bbox": 0.1018616507574916, "s1.loss_cls": 0.08062666617333888, "s1.acc": 96.875, "s1.loss_bbox": 0.10149170696735382, "s2.loss_cls": 0.034097648374736306, "s2.acc": 92.3828125, "s2.loss_bbox": 0.042773131504654886, "time": 0.5396559286117554, "iter": 100, "memory": 3923, "step": 100}
{"lr": 2.9929859719438897e-05, "data_time": 0.0027721500396728515, "loss": 0.5247529119253158, "loss_rpn_cls": 0.03685383548028767, "loss_rpn_bbox": 0.012023119776858947, "s0.loss_cls": 0.13257435880601406, "s0.acc": 93.65234375, "s0.loss_bbox": 0.09708081893622875, "s1.loss_cls": 0.05917759496718645, "s1.acc": 95.01953125, "s1.loss_bbox": 0.10707789979875088, "s2.loss_cls": 0.027588454028591513, "s2.acc": 97.94921875, "s2.loss_bbox": 0.05237682363484055, "time": 0.5404154634475709, "iter": 150, "memory": 3923, "step": 150}
{"lr": 3.993987975951909e-05, "data_time": 0.002923097610473633, "loss": 0.5413800460100174, "loss_rpn_cls": 0.0377940386487171, "loss_rpn_bbox": 0.011271730957087129, "s0.loss_cls": 0.13971967846155167, "s0.acc": 95.5078125, "s0.loss_bbox": 0.10746259663254022, "s1.loss_cls": 0.05930733997374773, "s1.acc": 95.8984375, "s1.loss_bbox": 0.1080982243269682, "s2.loss_cls": 0.026949554160237314, "s2.acc": 95.01953125, "s2.loss_bbox": 0.05077687999233604, "time": 0.5255092477798462, "iter": 200, "memory": 3923, "step": 200}
{"lr": 4.9949899799599277e-05, "data_time": 0.0028279972076416015, "loss": 0.5774197459220887, "loss_rpn_cls": 0.03856110031716525, "loss_rpn_bbox": 0.011313729680841789, "s0.loss_cls": 0.13675781764090061, "s0.acc": 95.1171875, "s0.loss_bbox": 0.11414184965193272, "s1.loss_cls": 0.059823896400630475, "s1.acc": 95.3125, "s1.loss_bbox": 0.12391061728820205, "s2.loss_cls": 0.028928004521876573, "s2.acc": 94.23828125, "s2.loss_bbox": 0.06398272753693163, "time": 0.5506836414337158, "iter": 250, "memory": 3923, "step": 250}
