{"lr": 9.909819639278549e-05, "data_time": 0.09803828716278076, "loss": 0.4437165015935898, "loss_rpn_cls": 0.044653385784476994, "loss_rpn_bbox": 0.10769703926518559, "loss_cls": 0.27861047357320784, "acc": 99.169921875, "loss_bbox": 0.012755609557498247, "time": 0.8100154638290405, "epoch": 1, "iter": 50, "memory": 3549, "step": 50}
{"lr": 0.00019919839679358693, "data_time": 0.007703146934509277, "loss": 0.17535633958876132, "loss_rpn_cls": 0.02776001449674368, "loss_rpn_bbox": 0.07152801336720586, "loss_cls": 0.05950027938932181, "acc": 99.0234375, "loss_bbox": 0.016568032561335714, "time": 0.632655324935913, "epoch": 1, "iter": 100, "memory": 3549, "step": 100}
{"lr": 0.00029929859719438854, "data_time": 0.00776313304901123, "loss": 0.1270572874136269, "loss_rpn_cls": 0.025059914104640483, "loss_rpn_bbox": 0.06800875058397651, "loss_cls": 0.01812550438567996, "acc": 98.92578125, "loss_bbox": 0.01586311867868062, "time": 0.6295613336563111, "epoch": 1, "iter": 150, "memory": 3549, "step": 150}
{"lr": 0.00039939879759519033, "data_time": 0.007688727378845215, "loss": 0.10557191543281079, "loss_rpn_cls": 0.02242318312637508, "loss_rpn_bbox": 0.052368233213201165, "loss_cls": 0.013351931450888515, "acc": 98.92578125, "loss_bbox": 0.01742856751254294, "time": 0.626863899230957, "epoch": 1, "iter": 200, "memory": 3549, "step": 200}
{"lr": 0.0004994989979959919, "data_time": 0.007885942459106446, "loss": 0.12388688746839761, "loss_rpn_cls": 0.02175079718232155, "loss_rpn_bbox": 0.05661700289696455, "loss_cls": 0.016422642143443227, "acc": 98.4375, "loss_bbox": 0.02909644567873329, "time": 0.6194012689590455, "epoch": 1, "iter": 250, "memory": 3549, "step": 250}
{"lr": 0.0005995991983967938, "data_time": 0.00795219898223877, "loss": 0.11205690734088421, "loss_rpn_cls": 0.021592492461204527, "loss_rpn_bbox": 0.05504859449341893, "loss_cls": 0.014264379683881999, "acc": 98.974609375, "loss_bbox": 0.021151439622044563, "time": 0.6309442138671875, "epoch": 1, "iter": 300, "memory": 3549, "step": 300}
{"lr": 0.0006996993987975959, "data_time": 0.0076726341247558595, "loss": 0.11564410578459501, "loss_rpn_cls": 0.018357708202674985, "loss_rpn_bbox": 0.042902324665337804, "loss_cls": 0.019021218344569206, "acc": 98.73046875, "loss_bbox": 0.03536285380832851, "time": 0.6173184537887573, "epoch": 1, "iter": 350, "memory": 3549, "step": 350}
{"lr": 0.0007997995991983982, "data_time": 0.0076643419265747074, "loss": 0.13183805149048566, "loss_rpn_cls": 0.022155759641900658, "loss_rpn_bbox": 0.06248877445235848, "loss_cls": 0.016334455590695143, "acc": 96.875, "loss_bbox": 0.03085906047024764, "time": 0.6265276575088501, "epoch": 1, "iter": 400, "memory": 3549, "step": 400}
{"lr": 0.0008998997995992007, "data_time": 0.007864561080932617, "loss": 0.10233124494552612, "loss_rpn_cls": 0.018517831610515713, "loss_rpn_bbox": 0.043155316347256306, "loss_cls": 0.015932683404535054, "acc": 97.55859375, "loss_bbox": 0.024725413833511994, "time": 0.6205495405197143, "epoch": 1, "iter": 450, "memory": 3549, "step": 450}
{"lr": 0.0010000000000000028, "data_time": 0.007664251327514649, "loss": 0.09151735642924905, "loss_rpn_cls": 0.01541971469996497, "loss_rpn_bbox": 0.03341511673294008, "loss_cls": 0.014049672847613692, "acc": 98.33984375, "loss_bbox": 0.028632851173751986, "time": 0.6259883403778076, "epoch": 1, "iter": 500, "memory": 3549, "step": 500}
{"lr": 0.0010000000000000028, "data_time": 0.007584934234619141, "loss": 0.11644567232578992, "loss_rpn_cls": 0.018323223842307924, "loss_rpn_bbox": 0.04849485329352319, "loss_cls": 0.014556586630642415, "acc": 98.14453125, "loss_bbox": 0.03507100778166205, "time": 0.6188156270980835, "epoch": 1, "iter": 550, "memory": 3549, "step": 550}
{"lr": 0.0010000000000000028, "data_time": 0.0075658226013183595, "loss": 0.15836186334490776, "loss_rpn_cls": 0.017515013040974737, "loss_rpn_bbox": 0.044088658764958384, "loss_cls": 0.021585471536964176, "acc": 98.388671875, "loss_bbox": 0.0751727188564837, "time": 0.6148853874206544, "epoch": 1, "iter": 600, "memory": 3549, "step": 600}
{"lr": 0.0010000000000000028, "data_time": 0.007890257835388183, "loss": 0.1488321341574192, "loss_rpn_cls": 0.016324757230468095, "loss_rpn_bbox": 0.04046412404626608, "loss_cls": 0.020970734003931284, "acc": 96.77734375, "loss_bbox": 0.07107251949608326, "time": 0.6225363492965699, "epoch": 1, "iter": 650, "memory": 3549, "step": 650}
{"lr": 0.0010000000000000028, "data_time": 0.007412467002868652, "loss": 0.13936178602278232, "loss_rpn_cls": 0.014295021002180875, "loss_rpn_bbox": 0.03565965723246336, "loss_cls": 0.021144882328808307, "acc": 97.4609375, "loss_bbox": 0.06826222492381931, "time": 0.6281728458404541, "epoch": 1, "iter": 700, "memory": 3549, "step": 700}
{"lr": 0.0010000000000000028, "data_time": 0.007326874732971191, "loss": 0.15521352246403694, "loss_rpn_cls": 0.015625500767491758, "loss_rpn_bbox": 0.04442933177575469, "loss_cls": 0.021165629010647537, "acc": 97.021484375, "loss_bbox": 0.07399306003004312, "time": 0.6161341285705566, "epoch": 1, "iter": 750, "memory": 3549, "step": 750}
{"lr": 0.0010000000000000028, "data_time": 0.007970876693725586, "loss": 0.16479532182216644, "loss_rpn_cls": 0.013282602557446808, "loss_rpn_bbox": 0.037508645970374344, "loss_cls": 0.026141593381762505, "acc": 97.36328125, "loss_bbox": 0.08786248002201319, "time": 0.6148768949508667, "epoch": 1, "iter": 800, "memory": 3549, "step": 800}
{"lr": 0.0010000000000000028, "data_time": 0.007542557716369629, "loss": 0.15990158602595328, "loss_rpn_cls": 0.014849749379791319, "loss_rpn_bbox": 0.04695932866074145, "loss_cls": 0.02251560118049383, "acc": 98.291015625, "loss_bbox": 0.07557690683752298, "time": 0.614129581451416, "epoch": 1, "iter": 850, "memory": 3549, "step": 850}
{"lr": 0.0010000000000000028, "data_time": 0.007848725318908692, "loss": 0.17263816870748996, "loss_rpn_cls": 0.01644291302189231, "loss_rpn_bbox": 0.04678726924583316, "loss_cls": 0.02327633112668991, "acc": 98.2421875, "loss_bbox": 0.08613165508955717, "time": 0.6354995250701905, "epoch": 1, "iter": 900, "memory": 3549, "step": 900}
{"lr": 0.0010000000000000028, "data_time": 0.007628612518310547, "loss": 0.15225285660475493, "loss_rpn_cls": 0.015342028536833823, "loss_rpn_bbox": 0.04670842239633202, "loss_cls": 0.020264872685074806, "acc": 96.240234375, "loss_bbox": 0.06993753258138895, "time": 0.6240476751327515, "epoch": 1, "iter": 950, "memory": 3549, "step": 950}
{"lr": 0.0010000000000000028, "data_time": 0.00785576343536377, "loss": 0.16138301879167558, "loss_rpn_cls": 0.013201744807884098, "loss_rpn_bbox": 0.04057957493700087, "loss_cls": 0.021858943365514277, "acc": 99.072265625, "loss_bbox": 0.0857427553832531, "time": 0.6108969783782959, "epoch": 1, "iter": 1000, "memory": 3549, "step": 1000}
{"lr": 0.0010000000000000028, "data_time": 0.007616124153137207, "loss": 0.1719250113517046, "loss_rpn_cls": 0.014366074590943754, "loss_rpn_bbox": 0.04791563057806343, "loss_cls": 0.022686611339449884, "acc": 97.119140625, "loss_bbox": 0.08695669639855623, "time": 0.6231770753860474, "epoch": 1, "iter": 1050, "memory": 3549, "step": 1050}
{"lr": 0.0010000000000000028, "data_time": 0.007678160667419434, "loss": 0.1555789589881897, "loss_rpn_cls": 0.011830169036984443, "loss_rpn_bbox": 0.03383280978538096, "loss_cls": 0.02156223053112626, "acc": 97.0703125, "loss_bbox": 0.08835375055670738, "time": 0.6134215831756592, "epoch": 1, "iter": 1100, "memory": 3549, "step": 1100}
{"lr": 0.0010000000000000028, "data_time": 0.007601151466369629, "loss": 0.16690848492085933, "loss_rpn_cls": 0.014005236576776952, "loss_rpn_bbox": 0.04304706566035747, "loss_cls": 0.022456215228885412, "acc": 97.314453125, "loss_bbox": 0.08739996694028378, "time": 0.6083168077468872, "epoch": 1, "iter": 1150, "memory": 3549, "step": 1150}
{"lr": 0.0010000000000000028, "data_time": 0.007573647499084473, "loss": 0.17412219651043415, "loss_rpn_cls": 0.011478850899729878, "loss_rpn_bbox": 0.03365022693760693,